{"Time since last checkpoint":145.48239970207214,"Last Loss":0.8482421040534973,"Approx. Time left":2857.68749330725,"_timestamp":1.741628714787412e+09,"_wandb":{"runtime":198},"_runtime":150.329214586,"Progress":4.844290657439446,"_step":0,"Batch Progress":"28/578"}