{"Batch Progress":"920/925","Validation Loss":0.0006534173895785472,"_step":125,"Approx. Time left":11.542850398499013,"_timestamp":1.7425903519949036e+09,"Last Loss":0.0006324382266029716,"_wandb":{"runtime":13032},"_runtime":13022.126347785,"Validation Average Distance":4.3569236012731904,"Validation Accuracy":0.8497341451394363,"Recall":0.6408564651907066,"Time since last checkpoint":106.52919411659241,"Progress":99.45945945945947}