{"_timestamp":1.7414543313233457e+09,"_step":0,"_wandb":{"runtime":124},"Approx. Time left":2013.889416013445,"Progress":4.99675535366645,"_runtime":111.118284439,"Time since last checkpoint":105.92213106155396,"Batch Progress":"77/1541","Last Loss":0.0062917545437812805}