{"_timestamp":1.7422837108348427e+09,"Validation Loss":0.0009580081790655611,"Validation Average Distance":4.934357772806238,"Time since last checkpoint":79.70320129394531,"Batch Progress":"560/578","Last Loss":0.001108445692807436,"Validation Accuracy":0.9073623463026347,"Recall":0.3012428385574589,"_step":419,"Approx. Time left":51.095529290608056,"_runtime":34019.341255846,"_wandb":{"runtime":34019},"Progress":96.88581314878893}