{"Validation Loss":0.0005227155301416461,"_wandb":{"runtime":20462},"Time since last checkpoint":108.48779106140137,"Last Loss":0.00040854979306459427,"_runtime":20428.404084896,"Recall":0.8843690421269159,"_step":189,"Batch Progress":"115/2311","Validation Accuracy":0.9837380636460669,"Approx. Time left":2071.5938910359923,"_timestamp":1.743114489791805e+09,"Validation Average Distance":2.0116541215437134,"Progress":4.9762007788836}