{"Time since last checkpoint":101.84157848358154,"_step":419,"Batch Progress":"920/925","_wandb":{"runtime":41920},"Approx. Time left":11.08088605688954,"_runtime":41920.555275807,"Progress":99.45945945945947,"_timestamp":1.7435536735842612e+09,"Validation Average Distance":9.375765286737815,"Validation Loss":0.0007239012956400687,"Validation Accuracy":0.7302847151512011,"Recall":0.6933630814547058,"Last Loss":0.0008231329848058522}