{"_step":20,"Validation Accuracy":0.022580809658769546,"Batch Progress":"660/661","Recall":0.013726110659600343,"Approx. Time left":6.504848736343774,"Last Loss":0.003898102790117264,"Progress":99.84871406959152,"_timestamp":1.7436307132485616e+09,"Validation Loss":0.003899048415145704,"Validation Average Distance":265.9238129307465,"_runtime":4442.493701617,"Time since last checkpoint":205.5814037322998,"_wandb":{"runtime":4494}}