{"_timestamp":1.7430894296878192e+09,"Time since last checkpoint":69.92413592338562,"Last Loss":0.0023478104267269373,"_wandb":{"runtime":792},"Batch Progress":"570/1156","Progress":49.30795847750865,"Approx. Time left":759.4361286330641,"_runtime":744.646384324,"_step":9}