{"_wandb":{"runtime":63},"_runtime":62.698621305,"_step":0,"Validation Loss":0.0011627954848269682,"Validation Average Distance":3.7992001302460925,"Validation Accuracy":0.9834803402686607,"Recall":0.46317431181800456,"_timestamp":1.7412098982210035e+09}