{"Recall":0.9501415344203191,"_wandb":{"runtime":46766},"Validation Average Distance":1.0178510745366445,"Time since last checkpoint":113.3855471611023,"Last Loss":0.0002882354019675404,"Progress":99.524015577672,"Validation Accuracy":0.9884678062080692,"Batch Progress":"2300/2311","Validation Loss":0.0003855349945685002,"Approx. Time left":10.84033248559308,"_timestamp":1.7432196138415434e+09,"_runtime":46765.756079764,"_step":419}