{"Validation Average Distance":3.919181896404476,"Validation Accuracy":0.9852442487673063,"_timestamp":1.7411978118786469e+09,"_runtime":62.318788748,"_step":0,"_wandb":{"runtime":62},"Validation Loss":0.0011921032607305523}