{"Time since last checkpoint":164.23954963684082,"_step":0,"_timestamp":1.7435933478059177e+09,"_runtime":170.310080318,"Approx. Time left":3138.401208120844,"Batch Progress":"46/925","_wandb":{"runtime":217},"Progress":4.972972972972973,"Last Loss":0.34385108947753906}