{"Progress":19.89189189189189,"_timestamp":1.7424976929623415e+09,"Validation Loss":0.0013324089006197695,"_step":45,"Approx. Time left":1708.2738337607489,"Last Loss":0.0014724988723173738,"_wandb":{"runtime":4933},"Batch Progress":"184/925","_runtime":4929.306724267,"Validation Accuracy":0.9583333333333335,"Time since last checkpoint":114.33271026611328,"Recall":0.006378929763012812,"Validation Average Distance":1.6215443337919302}