{"Progress":4.988662131519274,"_step":0,"Time since last checkpoint":382.36577892303467,"_timestamp":1.7421345191080022e+09,"_wandb":{"runtime":569},"Batch Progress":"22/441","Approx. Time left":7282.327719168229,"_runtime":388.069838247,"Last Loss":0.008488782681524754}