{"_wandb":{"runtime":2264},"_runtime":2204.132134493,"Progress":99.93510707332901,"Last Loss":0.017865821719169617,"Batch Progress":"1540/1541","_timestamp":1.741456559969744e+09,"Approx. Time left":1.4276442105119713,"Time since last checkpoint":107.17113327980042,"_step":19}