Object,Corner_0,Corner_1,Corner_2,Corner_3,Corner_4,Corner_5,Corner_6,Corner_7,Color
3031,"-0.10737378150224686,-0.0517088808119297,1.1225403547286987","-0.10761066526174545,-0.05157870054244995,1.1177479028701782","-0.11723218113183975,-0.08209593594074249,1.1173945665359497","-0.11699529737234116,-0.08222611248493195,1.1221868991851807","-0.07689538598060608,-0.061297688633203506,1.1207733154296875","-0.07713227719068527,-0.061167508363723755,1.115980863571167","-0.08675379306077957,-0.0916847437620163,1.1156275272369385","-0.08651690185070038,-0.09181492030620575,1.1204198598861694",Blue
3001,"0.05057455226778984,-0.03840682655572891,0.4717298150062561","0.04260021075606346,-0.030813518911600113,0.4737771451473236","0.0517246313393116,-0.024310855194926262,0.48519906401634216","0.05969896912574768,-0.03190416097640991,0.48315173387527466","0.03746436536312103,-0.058007366955280304,0.49336177110671997","0.029490025714039803,-0.050414059311151505,0.4954091012477875","0.03861444443464279,-0.0439113974571228,0.5068309903144836","0.04658878594636917,-0.0515047051012516,0.5047836899757385",Blue
