{"_runtime":9704.553231119,"Batch Progress":"57/386","Last Loss":0.0015632074791938066,"Time since last checkpoint":223.6058099269867,"_timestamp":1.7421444359028306e+09,"_wandb":{"runtime":9731},"Progress":14.766839378238341,"Approx. Time left":3878.7949783174618,"_step":42}