{"Validation Accuracy":0.6881103470640694,"Time since last checkpoint":0.4298577308654785,"_step":359,"Last Loss":0.005314146634191275,"_timestamp":1.7469667851954887e+09,"Approx. Time left":0,"Batch Progress":"23/23","Validation Loss":0.006432045251131058,"F1 Score":0.4124937717395115,"Validation Average Distance":8.077967838176702,"Progress":100,"_wandb":{"runtime":391},"Recall":0.29452454407928436,"_runtime":389.076010166}