{"_wandb":{"runtime":465},"_step":2,"_runtime":397.659979331,"Approx. Time left":2235.176019462986,"_timestamp":1.7429102177004986e+09,"Batch Progress":"138/925","Time since last checkpoint":126.93504667282104,"Progress":14.91891891891892,"Last Loss":0.0024138931185007095}