{"Batch Progress":"28/578","Time since last checkpoint":79.00559997558594,"Progress":4.844290657439446,"_runtime":8456.808004302,"Last Loss":0.0015152618288993835,"Validation Loss":0.0015495263468173722,"Validation Accuracy":0.9528209245951181,"_timestamp":1.7422430198992097e+09,"Approx. Time left":1551.8928429910115,"Validation Average Distance":9.84667967119252,"Recall":0.01241506091005897,"_wandb":{"runtime":8509},"_step":105}