{"Approx. Time left":3119.9542204141617,"Time since last checkpoint":163.2741937637329,"Progress":4.972972972972973,"Validation Average Distance":2.3765004522897866,"Validation Accuracy":0.971275176780247,"Recall":0.5615478138135542,"Batch Progress":"46/925","_wandb":{"runtime":47629},"Validation Loss":0.0007059511488626654,"_timestamp":1.7426387468381464e+09,"_runtime":47591.480662909,"_step":294,"Last Loss":0.0006964626954868436}