{"Progress":78.75647668393782,"_wandb":{"runtime":7734},"Recall":0,"_runtime":7545.775061781,"Time since last checkpoint":205.2964165210724,"Approx. Time left":885.9717831768485,"Last Loss":0.00034482573391869664,"_timestamp":1.7420701488217568e+09,"Validation Accuracy":-1,"Validation Loss":0.005923115803549687,"Validation Average Distance":-1,"_step":36,"Batch Progress":"304/386"}