{"Last Loss":0.5107459425926208,"Progress":4.99675535366645,"Batch Progress":"77/1541","_wandb":{"runtime":179},"_step":0,"Approx. Time left":1934.713371945666,"_runtime":108.064915709,"_timestamp":1.7411916511959665e+09,"Time since last checkpoint":101.75779032707214}