{"Time since last checkpoint":200.09277200698853,"_runtime":205.8077913,"Batch Progress":"46/925","_timestamp":1.742841236221631e+09,"Progress":4.972972972972973,"Approx. Time left":3823.509540765182,"Last Loss":0.0030784192495048046,"_wandb":{"runtime":241},"_step":0}