{"Validation Accuracy":0.9029230332106615,"_runtime":6539.578343979,"Time since last checkpoint":78.6317183971405,"Validation Loss":0.0011882025227394131,"Progress":98.44559585492227,"Approx. Time left":24.82484981135326,"Batch Progress":"380/386","Recall":0.15672823076636536,"_wandb":{"runtime":6572},"_step":83,"Last Loss":0.0010013675782829523,"Validation Average Distance":4.950785475217746,"_timestamp":1.7422339156349292e+09}