{"Approx. Time left":2347.9957708483157,"_step":46,"Time since last checkpoint":155.52634811401367,"_wandb":{"runtime":7341},"Last Loss":0.0015255878679454327,"Validation Loss":0.002048890144393152,"_timestamp":1.742946769124177e+09,"_runtime":7216.26938653,"Batch Progress":"230/925","Validation Average Distance":215.0955580796444,"Progress":24.864864864864867,"Validation Accuracy":0.10202160715689175,"Recall":0.06938799208412871}