{"_wandb":{"runtime":34531},"Last Loss":0.0010701804421842098,"Batch Progress":"46/925","Time since last checkpoint":170.66090655326843,"Approx. Time left":3261.1039790433388,"Validation Loss":0.0011332738688405678,"Validation Average Distance":11.786208219054844,"_timestamp":1.7429816657509725e+09,"_step":210,"Validation Accuracy":0.8351181297607866,"Progress":4.972972972972973,"Recall":0.35987720586460387,"_runtime":34507.722183425}