{"Validation Average Distance":17.400645482264146,"Validation Accuracy":0.9488489211500882,"Recall":0.9421995082324747,"_timestamp":1.7424925881249335e+09,"_runtime":64.438349799,"_step":0,"_wandb":{"runtime":64},"Validation Loss":0.0003750454547355089}