{"Validation Average Distance":5.435439962853666,"Batch Progress":"920/925","Last Loss":0.0007143094553612173,"_runtime":68262.513474723,"Time since last checkpoint":162.85847878456116,"Approx. Time left":17.707749042821888,"_step":419,"Validation Loss":0.0006884385556058616,"_wandb":{"runtime":68262},"_timestamp":1.7430499683310485e+09,"Validation Accuracy":0.8878288868688639,"Progress":99.45945945945947,"Recall":0.6815963428773198}