{"Validation Average Distance":131.040321549501,"Recall":0.23755481221286054,"Last Loss":0.0018154507270082831,"_wandb":{"runtime":32699},"Validation Loss":0.0015784238367491672,"_runtime":32606.482647662,"Progress":19.377162629757784,"Validation Accuracy":0.3228500831974274,"_timestamp":1.7436260289759133e+09,"_step":171,"Approx. Time left":3105.6036299637385,"Batch Progress":"112/578","Time since last checkpoint":186.72353100776672}