{"_runtime":4598.140082535,"_step":20,"_timestamp":1.7429393438980122e+09,"Validation Accuracy":0.4920544717355282,"Recall":0.377177313935266,"_wandb":{"runtime":4757},"Batch Progress":"1140/1156","Validation Average Distance":83.94077431062392,"Progress":98.6159169550173,"Last Loss":0.0013109437422826886,"Approx. Time left":61.86874633588286,"Validation Loss":0.0011023192038591646,"Time since last checkpoint":220.2668559551239}