{"Time since last checkpoint":105.32646679878235,"Progress":99.93510707332901,"_step":104,"Validation Average Distance":3.7992001302460925,"_wandb":{"runtime":11159},"Last Loss":0.0012857186375185847,"_runtime":11156.591018185,"Batch Progress":"1540/1541","Validation Accuracy":0.9834803402686607,"_timestamp":1.7412091013072305e+09,"Approx. Time left":1.364351772333066,"Validation Loss":0.0011627954848269682}