{"Validation Accuracy":0.9138516735015947,"Recall":0.34182182516645204,"Approx. Time left":1794.235286510479,"Last Loss":0.0007555309566669166,"Batch Progress":"171/1156","Time since last checkpoint":104.08323121070862,"_runtime":6822.094820323,"_timestamp":1.7423191849167752e+09,"Validation Average Distance":5.694617374648662,"_wandb":{"runtime":6846},"_step":65,"Validation Loss":0.0008296274492272832,"Progress":14.792387543252595}