{"_timestamp":1.743168679070785e+09,"_runtime":592.633752064,"Batch Progress":"460/2311","_wandb":{"runtime":701},"Time since last checkpoint":133.5897397994995,"Last Loss":0.014811288565397263,"Progress":19.9048031155344,"_step":3,"Approx. Time left":2357.3031947338063}