{"Progress":54.7382085677196,"Validation Loss":0.0005092281780442315,"_runtime":5743.271932947,"Recall":0.8853585870916959,"_wandb":{"runtime":5793},"_step":52,"Validation Accuracy":0.9882756342677415,"Approx. Time left":997.248893288473,"Validation Average Distance":1.8392361859418636,"_timestamp":1.7431656850591195e+09,"Batch Progress":"1265/2311","Time since last checkpoint":109.61126685142517,"Last Loss":0.0004782728210557252}