{"Batch Progress":"1540/1541","Approx. Time left":1.192701885297538,"_runtime":38819.396274209,"Progress":99.93510707332901,"Validation Loss":0.0006998436991835195,"Validation Average Distance":3.771598681520754,"Last Loss":0.00048572052037343383,"_step":419,"Validation Accuracy":0.9840797219467128,"Time since last checkpoint":91.78692173957825,"_timestamp":1.741511844826546e+09,"Recall":0.5888898594972,"_wandb":{"runtime":38819}}