{"_runtime":15946.374900917,"Recall":0.00037027794209471227,"Progress":44.30051813471503,"_step":92,"Approx. Time left":1967.7578892415027,"_timestamp":1.741895335055772e+09,"Last Loss":0.0013123746030032635,"Validation Average Distance":0,"Validation Loss":0.0015433205324890359,"_wandb":{"runtime":15959},"Batch Progress":"171/386","Time since last checkpoint":174.21005511283875,"Validation Accuracy":1}