{"Last Loss":0.002134905429556966,"_step":21,"Time since last checkpoint":165.73237109184265,"Validation Loss":0.0022528758826887325,"Validation Accuracy":-1,"Progress":4.922279792746114,"Approx. Time left":3201.2470574253484,"Batch Progress":"19/386","_runtime":3789.18170794,"_wandb":{"runtime":3814},"_timestamp":1.741784383223809e+09,"Validation Average Distance":-1,"Recall":0}