{"_step":54,"_timestamp":1.742292280261008e+09,"Progress":62.9757785467128,"Approx. Time left":588.1088564042207,"_wandb":{"runtime":4306},"Validation Average Distance":-1,"Recall":0,"Last Loss":0.0033957732375711203,"Batch Progress":"364/578","Time since last checkpoint":76.95533657073975,"_runtime":4260.914947994,"Validation Loss":0.0020226939063098643,"Validation Accuracy":-1}