{"Time since last checkpoint":175.63300108909607,"Last Loss":0.0007076719193719327,"Progress":29.83783783783784,"Validation Loss":0.0008907482522178669,"_runtime":52108.195531732,"Validation Average Distance":-1,"Approx. Time left":2478.186894559342,"_wandb":{"runtime":52152},"_timestamp":1.742893415248543e+09,"Validation Accuracy":-1,"_step":299,"Batch Progress":"276/925","Recall":0}