{"Progress":99.93510707332901,"_wandb":{"runtime":2703},"Last Loss":0.04631168395280838,"Time since last checkpoint":102.66879105567932,"_step":19,"Batch Progress":"1540/1541","Approx. Time left":1.3329651439344161,"_runtime":2057.692100592,"_timestamp":1.7411941948933632e+09}