{"Validation Accuracy":-1,"Recall":0,"Progress":98.44559585492227,"Last Loss":0.005932698026299477,"Time since last checkpoint":158.49415135383606,"_runtime":6740.679122268,"_step":41,"_timestamp":1.7417144585129168e+09,"Validation Loss":0.004177511880351674,"Batch Progress":"380/386","Validation Average Distance":-1,"_wandb":{"runtime":6787},"Approx. Time left":49.96476697796288}