{"Batch Progress":"539/1541","_step":6,"_wandb":{"runtime":766},"Approx. Time left":1385.6478713810552,"Time since last checkpoint":106.05718731880188,"Last Loss":0.24312609434127808,"_runtime":750.40652261,"Progress":34.97728747566515,"_timestamp":1.741454172816811e+09}