{"_runtime":814.423254344,"_step":3,"Progress":19.902650081124932,"Batch Progress":"368/1849","Time since last checkpoint":103.67053031921387,"_wandb":{"runtime":888},"Last Loss":0.009438395500183105,"Approx. Time left":3256.62328597061,"_timestamp":1.7414729298059697e+09}