{"Batch Progress":"38/386","Time since last checkpoint":1013.7058424949646,"_timestamp":1.741963140013927e+09,"_wandb":{"runtime":2578},"_step":1,"_runtime":2096.590248708,"Progress":9.844559585492227,"Approx. Time left":19147.938079081083,"Last Loss":0.00552227022126317}