{"Progress":99.45945945945947,"_timestamp":1.7429181831901948e+09,"Validation Average Distance":-1,"Approx. Time left":13.858233748570456,"Validation Accuracy":-1,"Last Loss":0.0014245699858292937,"_wandb":{"runtime":7846},"_runtime":7842.976642294,"_step":62,"Time since last checkpoint":127.81997179985046,"Validation Loss":0.0014730090422707858,"Recall":0,"Batch Progress":"920/925"}