{"_runtime":4665.64811125,"Validation Average Distance":58.76766608246146,"Progress":4.99675535366645,"Recall":0.3395629832989939,"Batch Progress":"77/1541","Time since last checkpoint":111.21749496459961,"Approx. Time left":2114.5674583633227,"_timestamp":1.741453124539407e+09,"Last Loss":0.46930357813835144,"Validation Accuracy":0.16637916781222542,"Validation Loss":0.45979034791632395,"_wandb":{"runtime":4750},"_step":42}