{"_timestamp":1.7429346656040163e+09,"Recall":0,"Validation Average Distance":-1,"Validation Loss":0.0018044985338404285,"Validation Accuracy":-1,"Last Loss":0.0018345386488363147,"Progress":39.44636678200692,"_wandb":{"runtime":10624},"Batch Progress":"456/1156","Time since last checkpoint":221.98718333244324,"_step":49,"Approx. Time left":2717.6860314189344,"_runtime":10586.281208578}