{"_wandb":{"runtime":190},"Progress":4.9762007788836,"Approx. Time left":3156.2724384224935,"_step":0,"Batch Progress":"115/2311","_timestamp":1.7430940312299514e+09,"_runtime":171.999321612,"Time since last checkpoint":165.2895896434784,"Last Loss":0.0039663552306592464}