{"_timestamp":1.7417075508978355e+09,"_step":0,"Time since last checkpoint":284.1517927646637,"_wandb":{"runtime":438},"Approx. Time left":5435.944434456203,"_runtime":289.217979367,"Progress":4.967602591792657,"Batch Progress":"23/463","Last Loss":0.03420216590166092}