{"Validation Accuracy":0.3216468259582592,"_timestamp":1.7430842722748272e+09,"_runtime":8824.070235405,"Batch Progress":"684/1156","Last Loss":0.0011090212501585484,"Time since last checkpoint":63.57863903045654,"Approx. Time left":526.3890786505583,"_wandb":{"runtime":8878},"_step":137,"Progress":59.16955017301038,"Validation Loss":0.0028190087359093252,"Validation Average Distance":26.376868741895485,"Recall":0.1269441798653372}