{"_runtime":42267.502241763,"Progress":54.7382085677196,"Validation Accuracy":0.9849101611379162,"Last Loss":0.0008376472978852689,"_wandb":{"runtime":42287},"Recall":0.6497229588244107,"_step":367,"_timestamp":1.7423625231191318e+09,"Validation Loss":0.00045435232519206483,"Approx. Time left":1046.6711296100389,"Time since last checkpoint":115.3950514793396,"Validation Average Distance":4.500809116638253,"Batch Progress":"1265/2311"}