{"Time since last checkpoint":145.81770610809326,"_timestamp":1.7416275404168234e+09,"_wandb":{"runtime":1504},"_runtime":1468.135440491,"Last Loss":0.8482599258422852,"Batch Progress":"252/578","Approx. Time left":1892.8523743020164,"Progress":43.59861591695502,"_step":8}