{"_wandb":{"runtime":62},"Validation Average Distance":3.7992001302460925,"Validation Accuracy":0.9834803402686607,"No Points Detected":0,"_timestamp":1.7412097333244731e+09,"_runtime":62.129817586,"_step":0,"Validation Loss":0.0011627954848269682}