{"_wandb":{"runtime":6895},"Progress":4.930795847750865,"Batch Progress":"57/1156","Approx. Time left":2042.6401488237216,"Validation Average Distance":6.745259481817112,"Time since last checkpoint":105.94234013557434,"Last Loss":0.001193022122606635,"Validation Accuracy":0.896693874991519,"_timestamp":1.742312208591712e+09,"_step":63,"Recall":0.26502222824497307,"Validation Loss":0.001008595968787482,"_runtime":6840.704487493}