{"_timestamp":1.74224889866979e+09,"Validation Accuracy":0.8751182313367551,"Validation Loss":0.0010875232457633942,"Validation Average Distance":6.00063706118617,"Batch Progress":"28/578","Time since last checkpoint":79.95313262939453,"Last Loss":0.0010555435437709093,"_runtime":5070.632250721,"_step":63,"_wandb":{"runtime":5074},"Recall":0.2884931023256557,"Approx. Time left":1570.5058736460549,"Progress":4.844290657439446}