{"Batch Progress":"19/386","Validation Average Distance":-1,"_step":21,"Validation Loss":0.004263990059761065,"_wandb":{"runtime":1861},"Recall":0,"Time since last checkpoint":77.4329981803894,"Last Loss":0.0042831567116081715,"Approx. Time left":1495.677533940265,"_timestamp":1.742227165636242e+09,"Validation Accuracy":-1,"Progress":4.922279792746114,"_runtime":1842.453888305}