{"Time since last checkpoint":206.31642055511475,"Batch Progress":"57/386","Recall":0,"_timestamp":1.7420503556980212e+09,"_step":44,"Validation Average Distance":-1,"_wandb":{"runtime":9307},"Approx. Time left":3561.613561362551,"Validation Accuracy":-1,"Last Loss":0.002283357083797455,"Progress":14.766839378238341,"_runtime":9189.994475019,"Validation Loss":0.002053867670751753}