{"_wandb":{"runtime":4803},"Validation Loss":0.001975821580604783,"Time since last checkpoint":222.6551055908203,"_step":20,"Progress":98.44559585492227,"_runtime":4786.98929862,"Last Loss":0.001713798614218831,"Approx. Time left":72.47347591299786,"Validation Average Distance":-1,"Recall":0,"_timestamp":1.7421329372327416e+09,"Batch Progress":"380/386","Validation Accuracy":-1}