{"Validation Average Distance":3.919181896404476,"Validation Accuracy":0.9852442487673063,"_timestamp":1.741197088122512e+09,"_wandb":{"runtime":63},"_runtime":63.379432527,"_step":0,"Validation Loss":0.0011921032607305523}