{"Validation Average Distance":3.919181896404476,"Validation Accuracy":0.9852442487673063,"_wandb":{"runtime":64},"_timestamp":1.741196713971638e+09,"_runtime":63.723147945,"_step":0,"Validation Loss":0.0011921032607305523}