{"_timestamp":1.7416259450870924e+09,"_step":0,"_runtime":215.073268981,"Time since last checkpoint":210.0348937511444,"_wandb":{"runtime":254},"Progress":4.972972972972973,"Approx. Time left":4013.490514755249,"Batch Progress":"46/925","Last Loss":0.8481795787811279}