{"Validation Loss":0.0011921032607305523,"Validation Average Distance":3.919181896404476,"Validation Accuracy":0.9852442487673063,"_wandb":{"runtime":62},"_timestamp":1.741197718205256e+09,"_runtime":61.785873179,"_step":0}